{"cameraMode":{"drawMode":0,"name":"Shaded","section":"Shading Mode"},"sceneLighting":false,"audioPlay":false,"sceneViewState":{"m_AlwaysRefresh":false,"showFog":true,"showSkybox":true,"showFlares":true,"showImageEffects":true,"showParticleSystems":true,"showVisualEffectGraphs":true,"m_FxEnabled":true},"in2DMode":false,"pivot":{"x":22.007963180541993,"y":-3.3057193756103517,"z":37.203250885009769},"rotation":{"x":0.053530771285295489,"y":0.21242575347423554,"z":-0.011644375510513783,"w":0.9756453633308411},"size":19.864990234375,"orthographic":false}